{
  "weights": {
    "elo": 0.3511172109198351,
    "grid": 0.36741431936638586,
    "form": 0.2814684697137791
  },
  "meta": {
    "n": 42,
    "logloss": {
      "elo": 0.9262,
      "grid": 0.872,
      "form": 1.0247
    },
    "learnedRaw": {
      "elo": 0.337,
      "grid": 0.358,
      "form": 0.305
    },
    "T": 0.853,
    "tempMeta": {
      "n": 42,
      "bestRaw": 0.8,
      "logloss": 0.8459
    }
  }
}