{
  "weights": {
    "elo": 0.34971530431495546,
    "grid": 0.3601651998196042,
    "form": 0.2901194958654404
  },
  "meta": {
    "n": 32,
    "logloss": {
      "elo": 1.0615,
      "grid": 1.0173,
      "form": 1.0843
    },
    "learnedRaw": {
      "elo": 0.331,
      "grid": 0.345,
      "form": 0.324
    },
    "T": 0.728,
    "tempMeta": {
      "n": 32,
      "bestRaw": 0.6,
      "logloss": 0.9814
    }
  }
}