{
  "weights": {
    "elo": 0.3455454036039013,
    "grid": 0.3604066052627236,
    "form": 0.2940479911333751
  },
  "meta": {
    "n": 36,
    "logloss": {
      "elo": 1.0599,
      "grid": 0.9994,
      "form": 1.0664
    },
    "learnedRaw": {
      "elo": 0.327,
      "grid": 0.347,
      "form": 0.325
    },
    "T": 0.718,
    "tempMeta": {
      "n": 36,
      "bestRaw": 0.6,
      "logloss": 0.9507
    }
  }
}