{
  "weights": {
    "elo": 0.35041990704989845,
    "grid": 0.36773074586938714,
    "form": 0.2818493470807145
  },
  "meta": {
    "n": 48,
    "logloss": {
      "elo": 0.9321,
      "grid": 0.876,
      "form": 1.0422
    },
    "learnedRaw": {
      "elo": 0.338,
      "grid": 0.36,
      "form": 0.302
    },
    "T": 0.81,
    "tempMeta": {
      "n": 48,
      "bestRaw": 0.75,
      "logloss": 0.849
    }
  }
}