{
  "weights": {
    "elo": 0.34843877183438987,
    "grid": 0.3722317086721461,
    "form": 0.279329519493464
  },
  "meta": {
    "n": 32,
    "logloss": {
      "elo": 0.9553,
      "grid": 0.8689,
      "form": 1.0172
    },
    "learnedRaw": {
      "elo": 0.329,
      "grid": 0.362,
      "form": 0.309
    },
    "T": 0.796,
    "tempMeta": {
      "n": 32,
      "bestRaw": 0.7,
      "logloss": 0.8332
    }
  }
}