{
  "weights": {
    "elo": 0.34842327474060353,
    "grid": 0.3611347374253885,
    "form": 0.290441987834008
  },
  "meta": {
    "n": 34,
    "logloss": {
      "elo": 1.0507,
      "grid": 0.9987,
      "form": 1.0763
    },
    "learnedRaw": {
      "elo": 0.33,
      "grid": 0.347,
      "form": 0.322
    },
    "T": 0.722,
    "tempMeta": {
      "n": 34,
      "bestRaw": 0.6,
      "logloss": 0.9545
    }
  }
}