{
  "weights": {
    "elo": 0.3694997197412738,
    "grid": 0.36348545938480425,
    "form": 0.267014820873922
  },
  "meta": {
    "n": 48,
    "logloss": {
      "elo": 0.9242,
      "grid": 0.9438,
      "form": 1.1786
    },
    "learnedRaw": {
      "elo": 0.362,
      "grid": 0.354,
      "form": 0.284
    },
    "T": 0.886,
    "tempMeta": {
      "n": 48,
      "bestRaw": 0.85,
      "logloss": 0.8535
    }
  }
}