{
  "weights": {
    "elo": 0.3533091617354823,
    "grid": 0.3651326947993855,
    "form": 0.28155814346513225
  },
  "meta": {
    "n": 38,
    "logloss": {
      "elo": 0.9474,
      "grid": 0.9058,
      "form": 1.0438
    },
    "learnedRaw": {
      "elo": 0.339,
      "grid": 0.354,
      "form": 0.307
    },
    "T": 0.857,
    "tempMeta": {
      "n": 38,
      "bestRaw": 0.8,
      "logloss": 0.8602
    }
  }
}