{
  "weights": {
    "elo": 0.3350031262122715,
    "grid": 0.3552191212992889,
    "form": 0.30977775248843953
  },
  "meta": {
    "n": 73,
    "logloss": {
      "elo": 0.8493,
      "grid": 0.7918,
      "form": 0.8402
    },
    "learnedRaw": {
      "elo": 0.324,
      "grid": 0.348,
      "form": 0.328
    },
    "T": 0.71,
    "tempMeta": {
      "n": 73,
      "bestRaw": 0.65,
      "logloss": 0.7273
    }
  }
}