{
  "weights": {
    "elo": 0.3482667931930167,
    "grid": 0.3706556681601245,
    "form": 0.28107753864685886
  },
  "meta": {
    "n": 32,
    "logloss": {
      "elo": 0.9634,
      "grid": 0.881,
      "form": 1.0172
    },
    "learnedRaw": {
      "elo": 0.329,
      "grid": 0.36,
      "form": 0.311
    },
    "T": 0.796,
    "tempMeta": {
      "n": 32,
      "bestRaw": 0.7,
      "logloss": 0.8461
    }
  }
}