{
  "weights": {
    "elo": 0.3607339508393836,
    "grid": 0.37154545863445304,
    "form": 0.26772059052616337
  },
  "meta": {
    "n": 73,
    "logloss": {
      "elo": 0.8859,
      "grid": 0.8555,
      "form": 1.1255
    },
    "learnedRaw": {
      "elo": 0.354,
      "grid": 0.367,
      "form": 0.279
    },
    "T": 0.751,
    "tempMeta": {
      "n": 73,
      "bestRaw": 0.7,
      "logloss": 0.8332
    }
  }
}