{
  "weights": {
    "elo": 0.3607611558260026,
    "grid": 0.37055566838558596,
    "form": 0.2686831757884115
  },
  "meta": {
    "n": 78,
    "logloss": {
      "elo": 0.8971,
      "grid": 0.8694,
      "form": 1.1396
    },
    "learnedRaw": {
      "elo": 0.355,
      "grid": 0.366,
      "form": 0.279
    },
    "T": 0.665,
    "drawBias": 0.0867,
    "tempMeta": {
      "n": 78,
      "bestRaw": 0.6,
      "drawBias": 0.0867,
      "drawBiasRaw": 0.12,
      "logloss": 0.8277
    }
  }
}