{
  "weights": {
    "elo": 0.34651280241891813,
    "grid": 0.36646222104686577,
    "form": 0.2870249765342161
  },
  "meta": {
    "n": 48,
    "logloss": {
      "elo": 0.9085,
      "grid": 0.8453,
      "form": 0.9802
    },
    "learnedRaw": {
      "elo": 0.333,
      "grid": 0.358,
      "form": 0.309
    },
    "T": 0.81,
    "tempMeta": {
      "n": 48,
      "bestRaw": 0.75,
      "logloss": 0.8204
    }
  }
}