{
  "weights": {
    "elo": 0.3487072926432436,
    "grid": 0.362690075999587,
    "form": 0.28860263135716935
  },
  "meta": {
    "n": 44,
    "logloss": {
      "elo": 0.9263,
      "grid": 0.8796,
      "form": 0.9913
    },
    "learnedRaw": {
      "elo": 0.335,
      "grid": 0.353,
      "form": 0.313
    },
    "T": 0.851,
    "tempMeta": {
      "n": 44,
      "bestRaw": 0.8,
      "logloss": 0.8469
    }
  }
}