{
  "weights": {
    "elo": 0.3372815365894913,
    "grid": 0.3348354401814998,
    "form": 0.3278830232290089
  },
  "meta": {
    "n": 71,
    "logloss": {
      "elo": 0.888,
      "grid": 0.8958,
      "form": 0.83
    },
    "learnedRaw": {
      "elo": 0.327,
      "grid": 0.324,
      "form": 0.349
    },
    "T": 0.752,
    "tempMeta": {
      "n": 71,
      "bestRaw": 0.7,
      "logloss": 0.7608
    }
  }
}