{
  "weights": {
    "elo": 0.3447041747632929,
    "grid": 0.3620468770485163,
    "form": 0.29324894818819086
  },
  "meta": {
    "n": 36,
    "logloss": {
      "elo": 1.06,
      "grid": 0.9899,
      "form": 1.0664
    },
    "learnedRaw": {
      "elo": 0.326,
      "grid": 0.349,
      "form": 0.324
    },
    "T": 0.718,
    "tempMeta": {
      "n": 36,
      "bestRaw": 0.6,
      "logloss": 0.9466
    }
  }
}