{
  "weights": {
    "elo": 0.34776510591487375,
    "grid": 0.36256433535918825,
    "form": 0.289670558725938
  },
  "meta": {
    "n": 56,
    "logloss": {
      "elo": 0.8741,
      "grid": 0.8298,
      "form": 0.9525
    },
    "learnedRaw": {
      "elo": 0.337,
      "grid": 0.355,
      "form": 0.309
    },
    "T": 0.763,
    "tempMeta": {
      "n": 56,
      "bestRaw": 0.7,
      "logloss": 0.8005
    }
  }
}