{
  "weights": {
    "elo": 0.3351127227760695,
    "grid": 0.35496552956988464,
    "form": 0.3099217476540459
  },
  "meta": {
    "n": 73,
    "logloss": {
      "elo": 0.8492,
      "grid": 0.7928,
      "form": 0.8401
    },
    "learnedRaw": {
      "elo": 0.324,
      "grid": 0.348,
      "form": 0.328
    },
    "T": 0.71,
    "tempMeta": {
      "n": 73,
      "bestRaw": 0.65,
      "logloss": 0.7285
    }
  }
}