{
  "weights": {
    "elo": 0.36152877241701137,
    "grid": 0.37074261287594124,
    "form": 0.2677286147070474
  },
  "meta": {
    "n": 76,
    "logloss": {
      "elo": 0.9004,
      "grid": 0.8741,
      "form": 1.1495
    },
    "learnedRaw": {
      "elo": 0.355,
      "grid": 0.366,
      "form": 0.278
    },
    "T": 0.791,
    "tempMeta": {
      "n": 76,
      "bestRaw": 0.75,
      "logloss": 0.8487
    }
  }
}