{
  "weights": {
    "elo": 0.3453513489892995,
    "grid": 0.36698691815788037,
    "form": 0.2876617328528202
  },
  "meta": {
    "n": 32,
    "logloss": {
      "elo": 0.9634,
      "grid": 0.8826,
      "form": 0.9764
    },
    "learnedRaw": {
      "elo": 0.325,
      "grid": 0.355,
      "form": 0.321
    },
    "T": 0.796,
    "tempMeta": {
      "n": 32,
      "bestRaw": 0.7,
      "logloss": 0.8335
    }
  }
}