{
  "weights": {
    "elo": 0.3400081384637429,
    "grid": 0.33979911818370506,
    "form": 0.32019274335255204
  },
  "meta": {
    "n": 60,
    "logloss": {
      "elo": 0.9019,
      "grid": 0.9025,
      "form": 0.8594
    },
    "learnedRaw": {
      "elo": 0.328,
      "grid": 0.328,
      "form": 0.344
    },
    "T": 0.8,
    "tempMeta": {
      "n": 60,
      "bestRaw": 0.75,
      "logloss": 0.7778
    }
  }
}