{
  "weights": {
    "elo": 0.36274373054512543,
    "grid": 0.37930053328493063,
    "form": 0.25795573616994394
  },
  "meta": {
    "n": 48,
    "logloss": {
      "elo": 0.9085,
      "grid": 0.8583,
      "form": 1.1786
    },
    "learnedRaw": {
      "elo": 0.353,
      "grid": 0.374,
      "form": 0.272
    },
    "T": 0.848,
    "tempMeta": {
      "n": 48,
      "bestRaw": 0.8,
      "logloss": 0.8376
    }
  }
}