{
  "weights": {
    "elo": 0.35544476697306004,
    "grid": 0.36915780073002474,
    "form": 0.2753974322969152
  },
  "meta": {
    "n": 40,
    "logloss": {
      "elo": 0.9641,
      "grid": 0.9163,
      "form": 1.1066
    },
    "learnedRaw": {
      "elo": 0.342,
      "grid": 0.36,
      "form": 0.298
    },
    "T": 0.891,
    "tempMeta": {
      "n": 40,
      "bestRaw": 0.85,
      "logloss": 0.885
    }
  }
}