{
  "weights": {
    "elo": 0.34460377022484767,
    "grid": 0.3663181391931457,
    "form": 0.2890780905820066
  },
  "meta": {
    "n": 32,
    "logloss": {
      "elo": 0.9634,
      "grid": 0.8821,
      "form": 0.9675
    },
    "learnedRaw": {
      "elo": 0.324,
      "grid": 0.354,
      "form": 0.322
    },
    "T": 0.796,
    "tempMeta": {
      "n": 32,
      "bestRaw": 0.7,
      "logloss": 0.8303
    }
  }
}