{
  "weights": {
    "elo": 0.3551661977548093,
    "grid": 0.3678173788326409,
    "form": 0.27701642341254984
  },
  "meta": {
    "n": 36,
    "logloss": {
      "elo": 0.9443,
      "grid": 0.8997,
      "form": 1.0614
    },
    "learnedRaw": {
      "elo": 0.34,
      "grid": 0.357,
      "form": 0.303
    },
    "T": 0.859,
    "tempMeta": {
      "n": 36,
      "bestRaw": 0.8,
      "logloss": 0.8619
    }
  }
}