{
  "weights": {
    "elo": 0.34267501697650926,
    "grid": 0.3442495793354855,
    "form": 0.3130754036880053
  },
  "meta": {
    "n": 66,
    "logloss": {
      "elo": 0.8813,
      "grid": 0.8764,
      "form": 0.8776
    },
    "learnedRaw": {
      "elo": 0.332,
      "grid": 0.334,
      "form": 0.334
    },
    "T": 0.796,
    "tempMeta": {
      "n": 66,
      "bestRaw": 0.75,
      "logloss": 0.7648
    }
  }
}