{
  "weights": {
    "elo": 0.35113094921384513,
    "grid": 0.36406236785006896,
    "form": 0.2848066829360859
  },
  "meta": {
    "n": 32,
    "logloss": {
      "elo": 1.0605,
      "grid": 1.0067,
      "form": 1.1147
    },
    "learnedRaw": {
      "elo": 0.333,
      "grid": 0.351,
      "form": 0.317
    },
    "T": 0.728,
    "tempMeta": {
      "n": 32,
      "bestRaw": 0.6,
      "logloss": 0.9744
    }
  }
}