{
  "weights": {
    "elo": 0.3507985722680614,
    "grid": 0.36566590826340395,
    "form": 0.28353551946853467
  },
  "meta": {
    "n": 40,
    "logloss": {
      "elo": 0.9641,
      "grid": 0.9116,
      "form": 1.0498
    },
    "learnedRaw": {
      "elo": 0.336,
      "grid": 0.355,
      "form": 0.309
    },
    "T": 0.891,
    "tempMeta": {
      "n": 40,
      "bestRaw": 0.85,
      "logloss": 0.8748
    }
  }
}