{
  "weights": {
    "elo": 0.33659468704960127,
    "grid": 0.3526146535334338,
    "form": 0.31079065941696493
  },
  "meta": {
    "n": 68,
    "logloss": {
      "elo": 0.8894,
      "grid": 0.8407,
      "form": 0.8761
    },
    "learnedRaw": {
      "elo": 0.325,
      "grid": 0.344,
      "form": 0.33
    },
    "T": 0.754,
    "tempMeta": {
      "n": 68,
      "bestRaw": 0.7,
      "logloss": 0.7548
    }
  }
}