{
  "weights": {
    "elo": 0.3536556240661739,
    "grid": 0.3686033775985868,
    "form": 0.27774099833523935
  },
  "meta": {
    "n": 44,
    "logloss": {
      "elo": 0.9263,
      "grid": 0.8774,
      "form": 1.0567
    },
    "learnedRaw": {
      "elo": 0.341,
      "grid": 0.36,
      "form": 0.299
    },
    "T": 0.814,
    "tempMeta": {
      "n": 44,
      "bestRaw": 0.75,
      "logloss": 0.853
    }
  }
}