{
  "weights": {
    "elo": 0.3595403069827794,
    "grid": 0.3724009598479931,
    "form": 0.26805873316922757
  },
  "meta": {
    "n": 60,
    "logloss": {
      "elo": 0.9326,
      "grid": 0.8934,
      "form": 1.1637
    },
    "learnedRaw": {
      "elo": 0.351,
      "grid": 0.367,
      "form": 0.282
    },
    "T": 0.84,
    "tempMeta": {
      "n": 60,
      "bestRaw": 0.8,
      "logloss": 0.8725
    }
  }
}