{
  "weights": {
    "elo": 0.3469989076555439,
    "grid": 0.36533854323704495,
    "form": 0.2876625491074111
  },
  "meta": {
    "n": 44,
    "logloss": {
      "elo": 0.9288,
      "grid": 0.8679,
      "form": 0.9913
    },
    "learnedRaw": {
      "elo": 0.333,
      "grid": 0.356,
      "form": 0.312
    },
    "T": 0.851,
    "tempMeta": {
      "n": 44,
      "bestRaw": 0.8,
      "logloss": 0.8503
    }
  }
}