{
  "weights": {
    "elo": 0.3487727809717456,
    "grid": 0.3608215060341567,
    "form": 0.2904057129940978
  },
  "meta": {
    "n": 35,
    "logloss": {
      "elo": 1.0556,
      "grid": 1.0064,
      "form": 1.0878
    },
    "learnedRaw": {
      "elo": 0.331,
      "grid": 0.347,
      "form": 0.321
    },
    "T": 0.72,
    "tempMeta": {
      "n": 35,
      "bestRaw": 0.6,
      "logloss": 0.9625
    }
  }
}