{
  "weights": {
    "elo": 0.304792370042958,
    "grid": 0.3143250723836684,
    "form": 0.23088255757337364,
    "market": 0.15
  },
  "meta": {
    "n": 81,
    "logloss": {
      "elo": 0.8927,
      "grid": 0.8656,
      "form": 1.147
    },
    "samples": {
      "elo": 81,
      "grid": 81,
      "form": 81,
      "market": 0
    },
    "learnedRaw": {
      "elo": 0.303,
      "grid": 0.312,
      "form": 0.235,
      "market": 0.15
    },
    "marketWeightCap": 0.24,
    "T": 0.662,
    "drawBias": 0.0876,
    "tempMeta": {
      "n": 81,
      "bestRaw": 0.6,
      "drawBias": 0.0876,
      "drawBiasRaw": 0.12,
      "logloss": 0.8244
    }
  }
}