{
  "weights": {
    "elo": 0.3600829114552261,
    "grid": 0.370145765574636,
    "form": 0.2697713229701379
  },
  "meta": {
    "n": 79,
    "logloss": {
      "elo": 0.8938,
      "grid": 0.8655,
      "form": 1.1287
    },
    "learnedRaw": {
      "elo": 0.354,
      "grid": 0.366,
      "form": 0.28
    },
    "T": 0.664,
    "drawBias": 0.087,
    "tempMeta": {
      "n": 79,
      "bestRaw": 0.6,
      "drawBias": 0.087,
      "drawBiasRaw": 0.12,
      "logloss": 0.823
    }
  }
}