{
  "weights": {
    "elo": 0.3461259289515587,
    "grid": 0.3662031091328489,
    "form": 0.2876709619155924
  },
  "meta": {
    "n": 64,
    "logloss": {
      "elo": 0.8844,
      "grid": 0.8258,
      "form": 0.9772
    },
    "learnedRaw": {
      "elo": 0.336,
      "grid": 0.36,
      "form": 0.304
    },
    "T": 0.797,
    "tempMeta": {
      "n": 64,
      "bestRaw": 0.75,
      "logloss": 0.8099
    }
  }
}