{
  "weights": {
    "elo": 0.3617554007654029,
    "grid": 0.37127665734352133,
    "form": 0.26696794189107576
  },
  "meta": {
    "n": 75,
    "logloss": {
      "elo": 0.8962,
      "grid": 0.8692,
      "form": 1.1478
    },
    "learnedRaw": {
      "elo": 0.356,
      "grid": 0.367,
      "form": 0.278
    },
    "T": 0.792,
    "tempMeta": {
      "n": 75,
      "bestRaw": 0.75,
      "logloss": 0.845
    }
  }
}