{
  "weights": {
    "elo": 0.3553673789310265,
    "grid": 0.3671285098166164,
    "form": 0.27750411125235713
  },
  "meta": {
    "n": 37,
    "logloss": {
      "elo": 0.9342,
      "grid": 0.8933,
      "form": 1.0522
    },
    "learnedRaw": {
      "elo": 0.341,
      "grid": 0.356,
      "form": 0.303
    },
    "T": 0.858,
    "tempMeta": {
      "n": 37,
      "bestRaw": 0.8,
      "logloss": 0.8458
    }
  }
}