{
  "weights": {
    "elo": 0.340506886733699,
    "grid": 0.33877695634782684,
    "form": 0.32071615691847416
  },
  "meta": {
    "n": 60,
    "logloss": {
      "elo": 0.9019,
      "grid": 0.9076,
      "form": 0.8594
    },
    "learnedRaw": {
      "elo": 0.329,
      "grid": 0.327,
      "form": 0.345
    },
    "T": 0.8,
    "tempMeta": {
      "n": 60,
      "bestRaw": 0.75,
      "logloss": 0.7785
    }
  }
}