{
  "weights": {
    "elo": 0.3454113548962105,
    "grid": 0.36389346055842803,
    "form": 0.2906951845453614
  },
  "meta": {
    "n": 47,
    "logloss": {
      "elo": 0.942,
      "grid": 0.8803,
      "form": 0.9949
    },
    "learnedRaw": {
      "elo": 0.331,
      "grid": 0.355,
      "form": 0.314
    },
    "T": 0.848,
    "tempMeta": {
      "n": 47,
      "bestRaw": 0.8,
      "logloss": 0.8497
    }
  }
}