{
  "weights": {
    "elo": 0.33188808873146197,
    "grid": 0.355428416126422,
    "form": 0.3126834951421161
  },
  "meta": {
    "n": 54,
    "logloss": {
      "elo": 0.8695,
      "grid": 0.7971,
      "form": 0.8155
    },
    "learnedRaw": {
      "elo": 0.317,
      "grid": 0.346,
      "form": 0.338
    },
    "T": 0.726,
    "tempMeta": {
      "n": 54,
      "bestRaw": 0.65,
      "logloss": 0.7246
    }
  }
}