{
  "weights": {
    "elo": 0.3356414543011171,
    "grid": 0.3543695407934453,
    "form": 0.3099890049054377
  },
  "meta": {
    "n": 72,
    "logloss": {
      "elo": 0.8476,
      "grid": 0.7942,
      "form": 0.8388
    },
    "learnedRaw": {
      "elo": 0.325,
      "grid": 0.347,
      "form": 0.328
    },
    "T": 0.71,
    "tempMeta": {
      "n": 72,
      "bestRaw": 0.65,
      "logloss": 0.7259
    }
  }
}