{
  "weights": {
    "elo": 0.3451598948683063,
    "grid": 0.36371467047604206,
    "form": 0.2911254346556517
  },
  "meta": {
    "n": 48,
    "logloss": {
      "elo": 0.9321,
      "grid": 0.8711,
      "form": 0.9842
    },
    "learnedRaw": {
      "elo": 0.331,
      "grid": 0.355,
      "form": 0.314
    },
    "T": 0.848,
    "tempMeta": {
      "n": 48,
      "bestRaw": 0.8,
      "logloss": 0.8408
    }
  }
}