{
  "weights": {
    "elo": 0.33755092983175905,
    "grid": 0.35960505394929987,
    "form": 0.30284401621894114
  },
  "meta": {
    "n": 48,
    "logloss": {
      "elo": 0.9038,
      "grid": 0.8325,
      "form": 0.8856
    },
    "learnedRaw": {
      "elo": 0.322,
      "grid": 0.35,
      "form": 0.329
    },
    "T": 0.81,
    "tempMeta": {
      "n": 48,
      "bestRaw": 0.75,
      "logloss": 0.7692
    }
  }
}