{
  "weights": {
    "elo": 0.33510719044059845,
    "grid": 0.35497665468464296,
    "form": 0.3099161548747586
  },
  "meta": {
    "n": 73,
    "logloss": {
      "elo": 0.8492,
      "grid": 0.7927,
      "form": 0.8401
    },
    "learnedRaw": {
      "elo": 0.324,
      "grid": 0.348,
      "form": 0.328
    },
    "T": 0.71,
    "tempMeta": {
      "n": 73,
      "bestRaw": 0.65,
      "logloss": 0.7284
    }
  }
}