{
  "weights": {
    "elo": 0.33761360027794124,
    "grid": 0.35810402318236795,
    "form": 0.3042823765396909
  },
  "meta": {
    "n": 50,
    "logloss": {
      "elo": 0.8947,
      "grid": 0.8294,
      "form": 0.8766
    },
    "learnedRaw": {
      "elo": 0.323,
      "grid": 0.348,
      "form": 0.329
    },
    "T": 0.769,
    "tempMeta": {
      "n": 50,
      "bestRaw": 0.7,
      "logloss": 0.754
    }
  }
}