{
  "weights": {
    "elo": 0.3532709236151406,
    "grid": 0.3652056414560901,
    "form": 0.2815234349287693
  },
  "meta": {
    "n": 38,
    "logloss": {
      "elo": 0.9474,
      "grid": 0.9054,
      "form": 1.0438
    },
    "learnedRaw": {
      "elo": 0.339,
      "grid": 0.354,
      "form": 0.307
    },
    "T": 0.857,
    "tempMeta": {
      "n": 38,
      "bestRaw": 0.8,
      "logloss": 0.8602
    }
  }
}