{
  "weights": {
    "elo": 0.35137857534220535,
    "grid": 0.367148420052368,
    "form": 0.2814730046054267
  },
  "meta": {
    "n": 41,
    "logloss": {
      "elo": 0.9473,
      "grid": 0.8933,
      "form": 1.0461
    },
    "learnedRaw": {
      "elo": 0.337,
      "grid": 0.358,
      "form": 0.305
    },
    "T": 0.89,
    "tempMeta": {
      "n": 41,
      "bestRaw": 0.85,
      "logloss": 0.8621
    }
  }
}