{
  "weights": {
    "elo": 0.3533130735068063,
    "grid": 0.37513444844542815,
    "form": 0.2715524780477656
  },
  "meta": {
    "n": 32,
    "logloss": {
      "elo": 0.9634,
      "grid": 0.8844,
      "form": 1.0843
    },
    "learnedRaw": {
      "elo": 0.336,
      "grid": 0.366,
      "form": 0.298
    },
    "T": 0.83,
    "tempMeta": {
      "n": 32,
      "bestRaw": 0.75,
      "logloss": 0.8528
    }
  }
}