{
  "weights": {
    "elo": 0.3458660220423763,
    "grid": 0.3684991285299296,
    "form": 0.28563484942769407
  },
  "meta": {
    "n": 28,
    "logloss": {
      "elo": 1.0017,
      "grid": 0.9105,
      "form": 1.0027
    },
    "learnedRaw": {
      "elo": 0.323,
      "grid": 0.355,
      "form": 0.322
    },
    "T": 0.805,
    "tempMeta": {
      "n": 28,
      "bestRaw": 0.7,
      "logloss": 0.848
    }
  }
}