{
  "weights": {
    "elo": 0.36122826070010233,
    "grid": 0.37230614499012255,
    "form": 0.2664655943097752
  },
  "meta": {
    "n": 74,
    "logloss": {
      "elo": 0.8821,
      "grid": 0.8513,
      "form": 1.1294
    },
    "learnedRaw": {
      "elo": 0.355,
      "grid": 0.368,
      "form": 0.277
    },
    "T": 0.751,
    "tempMeta": {
      "n": 74,
      "bestRaw": 0.7,
      "logloss": 0.831
    }
  }
}