{
  "weights": {
    "elo": 0.3536137280876315,
    "grid": 0.3685166542598375,
    "form": 0.2778696176525311
  },
  "meta": {
    "n": 44,
    "logloss": {
      "elo": 0.927,
      "grid": 0.8781,
      "form": 1.0567
    },
    "learnedRaw": {
      "elo": 0.341,
      "grid": 0.36,
      "form": 0.299
    },
    "T": 0.814,
    "tempMeta": {
      "n": 44,
      "bestRaw": 0.75,
      "logloss": 0.8537
    }
  }
}