{
  "weights": {
    "elo": 0.3425886897732527,
    "grid": 0.34442259289061894,
    "form": 0.3129887173361285
  },
  "meta": {
    "n": 66,
    "logloss": {
      "elo": 0.8813,
      "grid": 0.8756,
      "form": 0.8776
    },
    "learnedRaw": {
      "elo": 0.332,
      "grid": 0.334,
      "form": 0.334
    },
    "T": 0.796,
    "tempMeta": {
      "n": 66,
      "bestRaw": 0.75,
      "logloss": 0.7646
    }
  }
}